{"cameraMode":{"drawMode":0,"name":"Shaded","section":"Shading Mode"},"sceneLighting":false,"audioPlay":false,"sceneViewState":{"m_AlwaysRefresh":false,"showFog":true,"showSkybox":true,"showFlares":true,"showImageEffects":true,"showParticleSystems":true,"showVisualEffectGraphs":true,"m_FxEnabled":true},"in2DMode":false,"pivot":{"x":0.2333519160747528,"y":0.6025028228759766,"z":1.0418261289596558},"rotation":{"x":0.31070342659950259,"y":-0.08964625000953675,"z":0.029449239373207094,"w":0.9458131790161133},"size":0.2660253643989563,"orthographic":false}