{"cameraMode":{"drawMode":0,"name":"Shaded","section":"Shading Mode"},"sceneLighting":true,"audioPlay":false,"sceneViewState":{"m_AlwaysRefresh":false,"showFog":true,"showSkybox":true,"showFlares":true,"showImageEffects":true,"showParticleSystems":true,"showVisualEffectGraphs":true,"m_FxEnabled":true},"in2DMode":false,"pivot":{"x":0.40225422382354739,"y":0.2336328625679016,"z":-0.1503736972808838},"rotation":{"x":0.06709221005439758,"y":0.9315158724784851,"z":-0.22499793767929078,"w":0.27776971459388735},"size":1.0650966167449952,"orthographic":false}