{"cameraMode":{"drawMode":0,"name":"Shaded","section":"Shading Mode"},"sceneLighting":true,"audioPlay":false,"sceneViewState":{"m_AlwaysRefresh":false,"showFog":true,"showSkybox":true,"showFlares":true,"showImageEffects":true,"showParticleSystems":true,"showVisualEffectGraphs":true,"m_FxEnabled":true},"in2DMode":false,"pivot":{"x":0.060542941093444827,"y":0.6055793762207031,"z":-0.10329008102416992},"rotation":{"x":0.06165555492043495,"y":0.9305685758590698,"z":-0.1852472573518753,"w":0.3097201883792877},"size":1.3650965690612794,"orthographic":false}