{"cameraMode":{"drawMode":31,"name":"Sprite Mask","section":"Miscellaneous"},"sceneLighting":true,"audioPlay":false,"sceneViewState":{"m_AlwaysRefresh":false,"showFog":true,"showSkybox":true,"showFlares":true,"showImageEffects":true,"showParticleSystems":true,"showVisualEffectGraphs":true,"m_FxEnabled":true},"in2DMode":false,"pivot":{"x":0.19149458408355714,"y":1.2885589599609376,"z":1.1095192432403565},"rotation":{"x":-0.011253556236624718,"y":0.966864824295044,"z":-0.25141531229019167,"w":-0.04325174167752266},"size":0.48708170652389529,"orthographic":true}